2026-10-03T22:12:38Z	2026-10-03T22:12:39Z	1	exit 0	1 s	load 11.98 to 11.98
2026-10-03T22:12:39Z	2026-10-03T22:12:40Z	2	exit 0	1 s	load 11.98 to 11.90
2026-10-03T22:12:40Z	2026-10-03T22:12:42Z	3	exit 0	2 s	load 11.90 to 11.90
2026-10-03T22:12:42Z	2026-10-03T22:12:50Z	4	exit 0	8 s	load 11.90 to 12.68
2026-10-03T22:12:50Z	2026-10-03T22:14:41Z	5	exit 0	111 s	load 12.68 to 28.66
2026-10-03T22:14:41Z	2026-10-03T22:14:59Z	6	exit 0	18 s	load 28.66 to 28.12
2026-10-03T22:14:59Z	2026-10-03T22:15:02Z	7	exit 0	3 s	load 28.12 to 28.91
2026-10-03T22:15:02Z	2026-10-03T22:15:03Z	8	exit 0	1 s	load 28.91 to 28.91
2026-10-03T22:15:03Z	2026-10-03T22:15:05Z	9	exit 0	2 s	load 28.91 to 27.80
2026-10-03T22:15:05Z	wait	10	load 27.80
2026-10-03T22:20:05Z	2026-10-03T22:20:25Z	10	exit 0	20 s	load 9.93 to 9.98
2026-10-03T22:20:25Z	2026-10-03T22:20:25Z	11	exit 0	0 s	load 9.98 to 9.98
2026-10-03T22:20:25Z	2026-10-03T22:21:25Z	12	exit 0	60 s	load 9.98 to 10.89
2026-10-03T22:21:25Z	2026-10-03T22:21:30Z	13	exit 0	4 s	load 10.89 to 10.66
2026-10-03T22:21:30Z	2026-10-03T22:21:30Z	14	exit 0	0 s	load 10.66 to 10.66
2026-10-03T22:21:30Z	2026-10-03T22:21:38Z	15	exit 1	8 s	load 10.66 to 11.65
2026-10-03T22:21:38Z	2026-10-03T22:21:41Z	16	exit 0	3 s	load 11.65 to 12.56
2026-10-03T22:21:41Z	done	1 2 3 4 5 6 7 8 9 10 11 12 13 14 15 16
2026-10-03T22:21:55Z	2026-10-03T22:22:33Z	17	exit 0	38 s	load 12.18 to 11.50
2026-10-03T22:22:33Z	2026-10-03T22:23:50Z	18	exit 1	77 s	load 11.50 to 11.38
2026-10-03T22:23:50Z	2026-10-03T22:24:18Z	19	exit 0	28 s	load 11.38 to 11.17
2026-10-03T22:24:18Z	2026-10-03T22:43:12Z	20	exit 1	1134 s	load 11.17 to 14.44
2026-10-03T22:43:12Z	2026-10-03T22:58:40Z	21	exit 1	928 s	load 14.44 to 27.67
2026-10-03T22:58:40Z	2026-10-03T23:01:56Z	22	exit 0	196 s	load 27.67 to 35.83
2026-10-03T23:01:56Z	2026-10-03T23:01:57Z	23	exit 0	1 s	load 35.83 to 35.83
2026-10-03T23:01:57Z	wait	24	load 35.83
2026-10-03T23:06:57Z	wait	24	load 25.17
2026-10-03T23:11:57Z	wait	24	load 26.61
2026-10-03T23:16:57Z	wait	24	load 34.27
2026-10-03T23:21:57Z	wait	24	load 30.96
2026-10-03T23:26:57Z	wait	24	load 32.02
2026-10-03T23:31:57Z	wait	24	load 44.18
2026-10-03T23:36:57Z	wait	24	load 39.37
2026-10-03T23:41:57Z	wait	24	load 51.25
2026-10-03T23:46:57Z	wait	24	load 50.35
2026-10-03T23:51:57Z	wait	24	load 46.89
2026-10-03T23:56:57Z	wait	24	load 33.59
2026-10-04T00:01:57Z	2026-10-04T00:04:02Z	24	exit 1	125 s	load 23.17 to 23.36
2026-10-04T00:04:02Z	2026-10-04T00:04:02Z	25	exit 0	0 s	load 23.36 to 23.36
2026-10-04T00:24:33Z	killed	26	the background tool's two hour limit stopped the first run of step 26 at about 00:21Z
2026-10-04T00:24:33Z	wait	26	load 36.32
2026-10-04T00:29:33Z	wait	26	load 30.41
2026-10-04T00:34:33Z	wait	26	load 30.70
2026-10-04T00:39:33Z	wait	26	load 31.14
2026-10-04T00:44:34Z	wait	26	load 38.73
2026-10-04T00:49:34Z	wait	26	load 33.89
2026-10-04T00:54:34Z	wait	26	load 43.85
2026-10-04T00:59:34Z	wait	26	load 43.93
2026-10-04T01:04:34Z	wait	26	load 44.57
2026-10-04T01:09:34Z	wait	26	load 50.08
2026-10-04T01:14:34Z	wait	26	load 62.56
2026-10-04T01:19:34Z	wait	26	load 51.04
2026-10-04T01:24:34Z	wait	26	load 40.74
2026-10-04T01:29:34Z	wait	26	load 42.91
2026-10-04T01:34:34Z	wait	26	load 43.89
2026-10-04T01:39:34Z	wait	26	load 33.48
2026-10-04T01:44:34Z	wait	26	load 28.10
2026-10-04T01:49:35Z	2026-10-04T02:08:26Z	26	exit 1	1131 s	load 21.72 to 46.94
2026-10-04T02:08:26Z	done	26
2026-10-04T02:08:26Z	done	17 18 19 20 21 22 23 24 25 26
2026-10-04T02:08:49Z	2026-10-04T02:08:49Z	27	exit 0	0 s	load 44.98 to 44.98
2026-10-04T02:08:49Z	2026-10-04T02:08:50Z	28	exit 0	1 s	load 44.98 to 44.98
2026-10-04T02:08:50Z	wait	29	load 44.98
2026-10-04T02:13:50Z	wait	29	load 24.63
2026-10-04T02:18:50Z	2026-10-04T02:18:55Z	29	exit 0	5 s	load 15.58 to 17.29
2026-10-04T02:18:55Z	2026-10-04T02:19:29Z	30	exit 0	34 s	load 17.29 to 23.10
2026-10-04T02:19:30Z	2026-10-04T02:23:53Z	31	exit 1	263 s	load 23.10 to 20.86
2026-10-04T02:23:53Z	2026-10-04T02:23:55Z	33	exit 0	2 s	load 20.86 to 20.86
2026-10-04T02:23:55Z	done	27 28 29 30 31 33
2026-10-04T05:08:09Z	wait	32	load 69.71
